{
    "leds": [{
            "Extras": [
                1
            ],
            "Milliseconds": 75
        },
        {
            "Extras": [],
            "Milliseconds": 75
        },
        {
            "Extras": [
                1
            ],
            "Milliseconds": 75
        },
        {
            "Extras": [
                4
            ],
            "Milliseconds": 75
        },
        {
            "Extras": [],
            "Milliseconds": 75
        },
        {
            "Extras": [
                4
            ],
            "Milliseconds": 75
        }
    ],
    "btp": [{
            "Extras": [
                1
            ],
            "Milliseconds": 75
        },
        {
            "Extras": [],
            "Milliseconds": 75
        },
        {
            "Extras": [
                1
            ],
            "Milliseconds": 75
        },
        {
            "Extras": [
                4
            ],
            "Milliseconds": 75
        },
        {
            "Extras": [],
            "Milliseconds": 75
        },
        {
            "Extras": [
                4
            ],
            "Milliseconds": 75
        }
    ],
    "rotator": [{
        "Extras": [],
        "Milliseconds": 75
    }],
    "mpu": [{
        "Extras": [],
        "Milliseconds": 75
    }],
    "lfbtl": [{
        "Extras": [],
        "Milliseconds": 75
    }],
    "21cellvan": [{
        "Extras": [
            1
        ],
        "Milliseconds": 75
    },
    {
        "Extras": [],
        "Milliseconds": 75
    },
    {
        "Extras": [
            1
        ],
        "Milliseconds": 75
    },
    {
        "Extras": [
            4
        ],
        "Milliseconds": 75
    },
    {
        "Extras": [],
        "Milliseconds": 75
    },
    {
        "Extras": [
            4
        ],
        "Milliseconds": 75
    }
    ],
    "lfbrover": [{
        "Extras": [
            1
        ],
        "Milliseconds": 75
    },
    {
        "Extras": [],
        "Milliseconds": 75
    },
    {
        "Extras": [
            1
        ],
        "Milliseconds": 75
    },
    {
        "Extras": [
            4
        ],
        "Milliseconds": 75
    },
    {
        "Extras": [],
        "Milliseconds": 75
    },
    {
        "Extras": [
            4
        ],
        "Milliseconds": 75
    }
]
}