{
    "$schema": "http://json-schema.org/draft-07/schema",
    "$id": "http://example.com/example.json",
    "type": "object",
    "title": "ELS config JSON file schema",
    "description": "This JSON schema outlines the ELS config file",
    "default": {},
    "additionalProperties": true,
    "required": [
        "extras",
        "misc"
    ],
    "properties": {
        "extras": {
            "$id": "#/properties/extras",
            "type": "object",
            "title": "The Extras Schema",
            "description": "An explanation about the purpose of this instance.",
            "default": {},
            "examples": [
                {
                    "extra1": {
                        "format": "leds",
                        "enabled": "false",
                        "offSetX": "-0.70",
                        "offSetY": "-0.20",
                        "colour": "blue",
                        "offSetZ": "0.50",
                        "allowEnvLight": "false"
                    },
                    "extra2": {
                        "offSetX": "-0.70",
                        "offSetY": "-0.20",
                        "colour": "blue",
                        "offSetZ": "0.50",
                        "allowEnvLight": "false",
                        "format": "leds",
                        "enabled": "false"
                    },
                    "extra3": {
                        "allowEnvLight": "false",
                        "format": "leds",
                        "enabled": "false",
                        "offSetX": "-0.70",
                        "colour": "blue",
                        "offSetY": "-0.20",
                        "offSetZ": "0.50"
                    },
                    "extra4": {
                        "format": "leds",
                        "enabled": "false",
                        "offSetX": "-0.70",
                        "offSetY": "-0.20",
                        "colour": "blue",
                        "offSetZ": "0.50",
                        "allowEnvLight": "false"
                    },
                    "extra5": {
                        "format": "leds",
                        "enabled": "false",
                        "offSetX": "-0.70",
                        "colour": "blue",
                        "offSetY": "-0.20",
                        "offSetZ": "0.50",
                        "allowEnvLight": "false"
                    }
                }
            ],
            "additionalProperties": true,
            "required": [
                "extra1",
                "extra2",
                "extra3",
                "extra4",
                "extra5"
            ],
            "properties": {
                "extra1": {
                    "$id": "#/properties/extras/properties/extra1",
                    "type": "object",
                    "title": "The extra1 Schema",
                    "description": "An explanation about the purpose of this instance.",
                    "default": {},
                    "examples": [
                        {
                            "offSetY": "-0.20",
                            "colour": "blue",
                            "offSetZ": "0.50",
                            "allowEnvLight": "false",
                            "format": "leds",
                            "enabled": "false",
                            "offSetX": "-0.70"
                        }
                    ],
                    "additionalProperties": true,
                    "required": [
                        "enabled",
                        "allowEnvLight",
                        "colour",
                        "offSetX",
                        "offSetY",
                        "offSetZ",
                        "format"
                    ],
                    "properties": {
                        "enabled": {
                            "$id": "#/properties/extras/properties/extra1/properties/enabled",
                            "type": "string",
                            "title": "The Enabled Schema",
                            "description": "An explanation about the purpose of this instance.",
                            "default": "",
                            "examples": [
                                "false"
                            ]
                        },
                        "allowEnvLight": {
                            "$id": "#/properties/extras/properties/extra1/properties/allowEnvLight",
                            "type": "string",
                            "title": "The Allowenvlight Schema",
                            "description": "An explanation about the purpose of this instance.",
                            "default": "",
                            "examples": [
                                "false"
                            ]
                        },
                        "colour": {
                            "$id": "#/properties/extras/properties/extra1/properties/colour",
                            "type": "string",
                            "title": "The Colour Schema",
                            "description": "An explanation about the purpose of this instance.",
                            "default": "",
                            "examples": [
                                "blue"
                            ]
                        },
                        "offSetX": {
                            "$id": "#/properties/extras/properties/extra1/properties/offSetX",
                            "type": "string",
                            "title": "The Offsetx Schema",
                            "description": "An explanation about the purpose of this instance.",
                            "default": "",
                            "examples": [
                                "-0.70"
                            ]
                        },
                        "offSetY": {
                            "$id": "#/properties/extras/properties/extra1/properties/offSetY",
                            "type": "string",
                            "title": "The Offsety Schema",
                            "description": "An explanation about the purpose of this instance.",
                            "default": "",
                            "examples": [
                                "-0.20"
                            ]
                        },
                        "offSetZ": {
                            "$id": "#/properties/extras/properties/extra1/properties/offSetZ",
                            "type": "string",
                            "title": "The Offsetz Schema",
                            "description": "An explanation about the purpose of this instance.",
                            "default": "",
                            "examples": [
                                "0.50"
                            ]
                        },
                        "format": {
                            "$id": "#/properties/extras/properties/extra1/properties/format",
                            "type": "string",
                            "title": "The Format Schema",
                            "description": "An explanation about the purpose of this instance.",
                            "default": "",
                            "examples": [
                                "leds"
                            ]
                        }
                    }
                },
                "extra2": {
                    "$id": "#/properties/extras/properties/extra2",
                    "type": "object",
                    "title": "The extra2 Schema",
                    "description": "An explanation about the purpose of this instance.",
                    "default": {},
                    "examples": [
                        {
                            "allowEnvLight": "false",
                            "format": "leds",
                            "enabled": "false",
                            "offSetX": "-0.70",
                            "offSetY": "-0.20",
                            "colour": "blue",
                            "offSetZ": "0.50"
                        }
                    ],
                    "additionalProperties": true,
                    "required": [
                        "enabled",
                        "allowEnvLight",
                        "colour",
                        "offSetX",
                        "offSetY",
                        "offSetZ",
                        "format"
                    ],
                    "properties": {
                        "enabled": {
                            "$id": "#/properties/extras/properties/extra2/properties/enabled",
                            "type": "string",
                            "title": "The Enabled Schema",
                            "description": "An explanation about the purpose of this instance.",
                            "default": "",
                            "examples": [
                                "false"
                            ]
                        },
                        "allowEnvLight": {
                            "$id": "#/properties/extras/properties/extra2/properties/allowEnvLight",
                            "type": "string",
                            "title": "The Allowenvlight Schema",
                            "description": "An explanation about the purpose of this instance.",
                            "default": "",
                            "examples": [
                                "false"
                            ]
                        },
                        "colour": {
                            "$id": "#/properties/extras/properties/extra2/properties/colour",
                            "type": "string",
                            "title": "The Colour Schema",
                            "description": "An explanation about the purpose of this instance.",
                            "default": "",
                            "examples": [
                                "blue"
                            ]
                        },
                        "offSetX": {
                            "$id": "#/properties/extras/properties/extra2/properties/offSetX",
                            "type": "string",
                            "title": "The Offsetx Schema",
                            "description": "An explanation about the purpose of this instance.",
                            "default": "",
                            "examples": [
                                "-0.70"
                            ]
                        },
                        "offSetY": {
                            "$id": "#/properties/extras/properties/extra2/properties/offSetY",
                            "type": "string",
                            "title": "The Offsety Schema",
                            "description": "An explanation about the purpose of this instance.",
                            "default": "",
                            "examples": [
                                "-0.20"
                            ]
                        },
                        "offSetZ": {
                            "$id": "#/properties/extras/properties/extra2/properties/offSetZ",
                            "type": "string",
                            "title": "The Offsetz Schema",
                            "description": "An explanation about the purpose of this instance.",
                            "default": "",
                            "examples": [
                                "0.50"
                            ]
                        },
                        "format": {
                            "$id": "#/properties/extras/properties/extra2/properties/format",
                            "type": "string",
                            "title": "The Format Schema",
                            "description": "An explanation about the purpose of this instance.",
                            "default": "",
                            "examples": [
                                "leds"
                            ]
                        }
                    }
                },
                "extra3": {
                    "$id": "#/properties/extras/properties/extra3",
                    "type": "object",
                    "title": "The extra3 Schema",
                    "description": "An explanation about the purpose of this instance.",
                    "default": {},
                    "examples": [
                        {
                            "offSetY": "-0.20",
                            "colour": "blue",
                            "offSetZ": "0.50",
                            "allowEnvLight": "false",
                            "format": "leds",
                            "enabled": "false",
                            "offSetX": "-0.70"
                        }
                    ],
                    "additionalProperties": true,
                    "required": [
                        "enabled",
                        "allowEnvLight",
                        "colour",
                        "offSetX",
                        "offSetY",
                        "offSetZ",
                        "format"
                    ],
                    "properties": {
                        "enabled": {
                            "$id": "#/properties/extras/properties/extra3/properties/enabled",
                            "type": "string",
                            "title": "The Enabled Schema",
                            "description": "An explanation about the purpose of this instance.",
                            "default": "",
                            "examples": [
                                "false"
                            ]
                        },
                        "allowEnvLight": {
                            "$id": "#/properties/extras/properties/extra3/properties/allowEnvLight",
                            "type": "string",
                            "title": "The Allowenvlight Schema",
                            "description": "An explanation about the purpose of this instance.",
                            "default": "",
                            "examples": [
                                "false"
                            ]
                        },
                        "colour": {
                            "$id": "#/properties/extras/properties/extra3/properties/colour",
                            "type": "string",
                            "title": "The Colour Schema",
                            "description": "An explanation about the purpose of this instance.",
                            "default": "",
                            "examples": [
                                "blue"
                            ]
                        },
                        "offSetX": {
                            "$id": "#/properties/extras/properties/extra3/properties/offSetX",
                            "type": "string",
                            "title": "The Offsetx Schema",
                            "description": "An explanation about the purpose of this instance.",
                            "default": "",
                            "examples": [
                                "-0.70"
                            ]
                        },
                        "offSetY": {
                            "$id": "#/properties/extras/properties/extra3/properties/offSetY",
                            "type": "string",
                            "title": "The Offsety Schema",
                            "description": "An explanation about the purpose of this instance.",
                            "default": "",
                            "examples": [
                                "-0.20"
                            ]
                        },
                        "offSetZ": {
                            "$id": "#/properties/extras/properties/extra3/properties/offSetZ",
                            "type": "string",
                            "title": "The Offsetz Schema",
                            "description": "An explanation about the purpose of this instance.",
                            "default": "",
                            "examples": [
                                "0.50"
                            ]
                        },
                        "format": {
                            "$id": "#/properties/extras/properties/extra3/properties/format",
                            "type": "string",
                            "title": "The Format Schema",
                            "description": "An explanation about the purpose of this instance.",
                            "default": "",
                            "examples": [
                                "leds"
                            ]
                        }
                    }
                },
                "extra4": {
                    "$id": "#/properties/extras/properties/extra4",
                    "type": "object",
                    "title": "The extra4 Schema",
                    "description": "An explanation about the purpose of this instance.",
                    "default": {},
                    "examples": [
                        {
                            "allowEnvLight": "false",
                            "format": "leds",
                            "enabled": "false",
                            "offSetX": "-0.70",
                            "colour": "blue",
                            "offSetY": "-0.20",
                            "offSetZ": "0.50"
                        }
                    ],
                    "additionalProperties": true,
                    "required": [
                        "enabled",
                        "allowEnvLight",
                        "colour",
                        "offSetX",
                        "offSetY",
                        "offSetZ",
                        "format"
                    ],
                    "properties": {
                        "enabled": {
                            "$id": "#/properties/extras/properties/extra4/properties/enabled",
                            "type": "string",
                            "title": "The Enabled Schema",
                            "description": "An explanation about the purpose of this instance.",
                            "default": "",
                            "examples": [
                                "false"
                            ]
                        },
                        "allowEnvLight": {
                            "$id": "#/properties/extras/properties/extra4/properties/allowEnvLight",
                            "type": "string",
                            "title": "The Allowenvlight Schema",
                            "description": "An explanation about the purpose of this instance.",
                            "default": "",
                            "examples": [
                                "false"
                            ]
                        },
                        "colour": {
                            "$id": "#/properties/extras/properties/extra4/properties/colour",
                            "type": "string",
                            "title": "The Colour Schema",
                            "description": "An explanation about the purpose of this instance.",
                            "default": "",
                            "examples": [
                                "blue"
                            ]
                        },
                        "offSetX": {
                            "$id": "#/properties/extras/properties/extra4/properties/offSetX",
                            "type": "string",
                            "title": "The Offsetx Schema",
                            "description": "An explanation about the purpose of this instance.",
                            "default": "",
                            "examples": [
                                "-0.70"
                            ]
                        },
                        "offSetY": {
                            "$id": "#/properties/extras/properties/extra4/properties/offSetY",
                            "type": "string",
                            "title": "The Offsety Schema",
                            "description": "An explanation about the purpose of this instance.",
                            "default": "",
                            "examples": [
                                "-0.20"
                            ]
                        },
                        "offSetZ": {
                            "$id": "#/properties/extras/properties/extra4/properties/offSetZ",
                            "type": "string",
                            "title": "The Offsetz Schema",
                            "description": "An explanation about the purpose of this instance.",
                            "default": "",
                            "examples": [
                                "0.50"
                            ]
                        },
                        "format": {
                            "$id": "#/properties/extras/properties/extra4/properties/format",
                            "type": "string",
                            "title": "The Format Schema",
                            "description": "An explanation about the purpose of this instance.",
                            "default": "",
                            "examples": [
                                "leds"
                            ]
                        }
                    }
                },
                "extra5": {
                    "$id": "#/properties/extras/properties/extra5",
                    "type": "object",
                    "title": "The extra5 Schema",
                    "description": "An explanation about the purpose of this instance.",
                    "default": {},
                    "examples": [
                        {
                            "allowEnvLight": "false",
                            "format": "leds",
                            "enabled": "false",
                            "offSetX": "-0.70",
                            "colour": "blue",
                            "offSetY": "-0.20",
                            "offSetZ": "0.50"
                        }
                    ],
                    "additionalProperties": true,
                    "required": [
                        "enabled",
                        "allowEnvLight",
                        "colour",
                        "offSetX",
                        "offSetY",
                        "offSetZ",
                        "format"
                    ],
                    "properties": {
                        "enabled": {
                            "$id": "#/properties/extras/properties/extra5/properties/enabled",
                            "type": "string",
                            "title": "The Enabled Schema",
                            "description": "An explanation about the purpose of this instance.",
                            "default": "",
                            "examples": [
                                "false"
                            ]
                        },
                        "allowEnvLight": {
                            "$id": "#/properties/extras/properties/extra5/properties/allowEnvLight",
                            "type": "string",
                            "title": "The Allowenvlight Schema",
                            "description": "An explanation about the purpose of this instance.",
                            "default": "",
                            "examples": [
                                "false"
                            ]
                        },
                        "colour": {
                            "$id": "#/properties/extras/properties/extra5/properties/colour",
                            "type": "string",
                            "title": "The Colour Schema",
                            "description": "An explanation about the purpose of this instance.",
                            "default": "",
                            "examples": [
                                "blue"
                            ]
                        },
                        "offSetX": {
                            "$id": "#/properties/extras/properties/extra5/properties/offSetX",
                            "type": "string",
                            "title": "The Offsetx Schema",
                            "description": "An explanation about the purpose of this instance.",
                            "default": "",
                            "examples": [
                                "-0.70"
                            ]
                        },
                        "offSetY": {
                            "$id": "#/properties/extras/properties/extra5/properties/offSetY",
                            "type": "string",
                            "title": "The Offsety Schema",
                            "description": "An explanation about the purpose of this instance.",
                            "default": "",
                            "examples": [
                                "-0.20"
                            ]
                        },
                        "offSetZ": {
                            "$id": "#/properties/extras/properties/extra5/properties/offSetZ",
                            "type": "string",
                            "title": "The Offsetz Schema",
                            "description": "An explanation about the purpose of this instance.",
                            "default": "",
                            "examples": [
                                "0.50"
                            ]
                        },
                        "format": {
                            "$id": "#/properties/extras/properties/extra5/properties/format",
                            "type": "string",
                            "title": "The Format Schema",
                            "description": "An explanation about the purpose of this instance.",
                            "default": "",
                            "examples": [
                                "leds"
                            ]
                        }
                    }
                }
            }
        },
        "misc": {
            "$id": "#/properties/misc",
            "type": "object",
            "title": "The Misc Schema",
            "description": "An explanation about the purpose of this instance.",
            "default": {},
            "examples": [
                {
                    "bullHorn": "false",
                    "messageBoard": "false",
                    "siren": "false",
                    "alleyLights": {
                        "extra": "11",
                        "enabled": "false"
                    },
                    "spotLight": {
                        "enabled": "false",
                        "extra": "12"
                    }
                }
            ],
            "additionalProperties": true,
            "required": [
                "messageBoard",
                "siren",
                "bullHorn",
                "alleyLights",
                "spotLight"
            ],
            "properties": {
                "messageBoard": {
                    "$id": "#/properties/misc/properties/messageBoard",
                    "type": "string",
                    "title": "The Messageboard Schema",
                    "description": "An explanation about the purpose of this instance.",
                    "default": "",
                    "examples": [
                        "false"
                    ]
                },
                "siren": {
                    "$id": "#/properties/misc/properties/siren",
                    "type": "string",
                    "title": "The Siren Schema",
                    "description": "An explanation about the purpose of this instance.",
                    "default": "",
                    "examples": [
                        "false"
                    ]
                },
                "bullHorn": {
                    "$id": "#/properties/misc/properties/bullHorn",
                    "type": "string",
                    "title": "The Bullhorn Schema",
                    "description": "An explanation about the purpose of this instance.",
                    "default": "",
                    "examples": [
                        "false"
                    ]
                },
                "alleyLights": {
                    "$id": "#/properties/misc/properties/alleyLights",
                    "type": "object",
                    "title": "The Alleylights Schema",
                    "description": "An explanation about the purpose of this instance.",
                    "default": {},
                    "examples": [
                        {
                            "extra": "11",
                            "enabled": "false"
                        }
                    ],
                    "additionalProperties": true,
                    "required": [
                        "enabled",
                        "extra"
                    ],
                    "properties": {
                        "enabled": {
                            "$id": "#/properties/misc/properties/alleyLights/properties/enabled",
                            "type": "string",
                            "title": "The Enabled Schema",
                            "description": "An explanation about the purpose of this instance.",
                            "default": "",
                            "examples": [
                                "false"
                            ]
                        },
                        "extra": {
                            "$id": "#/properties/misc/properties/alleyLights/properties/extra",
                            "type": "string",
                            "title": "The Extra Schema",
                            "description": "An explanation about the purpose of this instance.",
                            "default": "",
                            "examples": [
                                "11"
                            ]
                        }
                    }
                },
                "spotLight": {
                    "$id": "#/properties/misc/properties/spotLight",
                    "type": "object",
                    "title": "The Spotlight Schema",
                    "description": "An explanation about the purpose of this instance.",
                    "default": {},
                    "examples": [
                        {
                            "enabled": "false",
                            "extra": "12"
                        }
                    ],
                    "additionalProperties": true,
                    "required": [
                        "enabled",
                        "extra"
                    ],
                    "properties": {
                        "enabled": {
                            "$id": "#/properties/misc/properties/spotLight/properties/enabled",
                            "type": "string",
                            "title": "The Enabled Schema",
                            "description": "An explanation about the purpose of this instance.",
                            "default": "",
                            "examples": [
                                "false"
                            ]
                        },
                        "extra": {
                            "$id": "#/properties/misc/properties/spotLight/properties/extra",
                            "type": "string",
                            "title": "The Extra Schema",
                            "description": "An explanation about the purpose of this instance.",
                            "default": "",
                            "examples": [
                                "12"
                            ]
                        }
                    }
                }
            }
        }
    }
}